trials,lightbox,correctkey,trialtype,block,thisN,thisTrialN,thisRepN,resp.keys,resp.corr,resp.rt,resp.duration,trials.thisRepN,trials.thisTrialN,trials.thisN,trials.thisIndex,thisRow.t,notes,instructions.started,text.started,start_key.started,instructions.stopped,start_key.keys,start_key.rt,start_key.duration,trial.started,fixation.started,resp.started,circle1.started,circle2.started,circle3.started,circle4.started,fixation.stopped,trial.stopped,accuracy,trials.resp.keys,trials.resp.corr,trials.resp.rt,trials.resp.duration,thanks.started,thank.started,end_key.started,thanks.stopped,end_key.keys,end_key.rt,end_key.duration,participant,session,date,expName,expVersion,psychopyVersion,frameRate,expStart,
,,,,,,,,,,,,,,,,,,0.0012655999744310975,0.003626400022767484,0.003626400022767484,47.28271840000525,space,47.25851190002868,None,,,,,,,,,,,,,,,,,,,,,,participant2,001,2025-11-18_17h38.50.780,Solo Project,,2025.1.1,59.99854805202017,2025-11-18 17h39.08.695843 +0530,
35,1,h,learn,1,0,0,0,f,0,2.140112399996724,None,0,0,0,34,47.30692270002328,,,,,,,,,47.30281359999208,47.30692270002328,47.388426600024104,48.28832120000152,48.28832120000152,48.28832120000152,48.28832120000152,48.32132260000799,49.53882800001884,0,f,0,2.140112399996724,None,,,,,,,,participant2,001,2025-11-18_17h38.50.780,Solo Project,,2025.1.1,59.99854805202017,2025-11-18 17h39.08.695843 +0530,
27,3,h,learn,1,1,1,0,h,1,1.8848219999927096,None,0,1,1,26,49.55478700000094,,,,,,,,,49.54076040000655,49.55478700000094,49.6381208000239,50.55467990000034,50.55467990000034,50.55467990000034,50.55467990000034,50.55467990000034,51.53829489997588,1,h,1,1.8848219999927096,None,,,,,,,,participant2,001,2025-11-18_17h38.50.780,Solo Project,,2025.1.1,59.99854805202017,2025-11-18 17h39.08.695843 +0530,
10,1,g,learn,1,2,2,0,f,0,1.522299500007648,None,0,2,2,9,51.55440319998888,,,,,,,,,51.53996399999596,51.55440319998888,51.63777759997174,52.537678900000174,52.537678900000174,52.537678900000174,52.537678900000174,52.55432990001282,53.17171409999719,0,f,0,1.522299500007648,None,,,,,,,,participant2,001,2025-11-18_17h38.50.780,Solo Project,,2025.1.1,59.99854805202017,2025-11-18 17h39.08.695843 +0530,
21,2,f,learn,1,3,3,0,g,0,19.574745399993844,None,0,3,3,20,53.18757080001524,,,,,,,,,53.17363299999852,53.18757080001524,53.27050149999559,54.18749839998782,54.18749839998782,54.18749839998782,54.18749839998782,54.18749839998782,72.85104410001077,0,g,0,19.574745399993844,None,,,,,,,,participant2,001,2025-11-18_17h38.50.780,Solo Project,,2025.1.1,59.99854805202017,2025-11-18 17h39.08.695843 +0530,
73,4,f,learn,2,4,4,0,j,0,1.4720958999823779,None,0,4,4,72,72.86764110001968,,,,,,,,,72.85228679998545,72.86764110001968,72.95105620002141,73.85070860001724,73.85070860001724,73.85070860001724,73.85070860001724,73.86724110000068,74.43494100001408,0,j,0,1.4720958999823779,None,,,,,,,,participant2,001,2025-11-18_17h38.50.780,Solo Project,,2025.1.1,59.99854805202017,2025-11-18 17h39.08.695843 +0530,
69,3,f,learn,2,5,5,0,h,0,1.446846800041385,None,0,5,5,68,74.45075050002197,,,,,,,,,74.4367207000032,74.45075050002197,74.55080309999175,75.45070370001486,75.45070370001486,75.45070370001486,75.45070370001486,75.45070370001486,76.0014455000055,0,h,0,1.446846800041385,None,,,,,,,,participant2,001,2025-11-18_17h38.50.780,Solo Project,,2025.1.1,59.99854805202017,2025-11-18 17h39.08.695843 +0530,
12,4,j,learn,1,6,6,0,j,1,1.4589023999869823,None,0,6,6,11,76.01724640000612,,,,,,,,,76.00332969997544,76.01724640000612,76.10025379998842,77.01697830000194,77.01697830000194,77.01697830000194,77.01697830000194,77.01697830000194,77.56835800001863,1,j,1,1.4589023999869823,None,,,,,,,,participant2,001,2025-11-18_17h38.50.780,Solo Project,,2025.1.1,59.99854805202017,2025-11-18 17h39.08.695843 +0530,
9,1,f,learn,1,7,7,0,f,1,1.3211879000300542,None,0,7,7,8,77.58357529999921,,,,,,,,,77.57047979999334,77.58357529999921,77.6836291999789,78.58351009996841,78.58351009996841,78.58351009996841,78.58351009996841,78.58351009996841,79.01761809998425,1,f,1,1.3211879000300542,None,,,,,,,,participant2,001,2025-11-18_17h38.50.780,Solo Project,,2025.1.1,59.99854805202017,2025-11-18 17h39.08.695843 +0530,
48,1,j,learn,2,8,8,0,f,0,1.4221285000094213,None,0,8,8,47,79.0333668999956,,,,,,,,,79.0193909999798,79.0333668999956,79.11648159998003,80.03332829999272,80.03332829999272,80.03332829999272,80.03332829999272,80.03332829999272,80.55032909999136,0,f,0,1.4221285000094213,None,,,,,,,,participant2,001,2025-11-18_17h38.50.780,Solo Project,,2025.1.1,59.99854805202017,2025-11-18 17h39.08.695843 +0530,
65,2,f,learn,2,9,9,0,g,0,1.550020799972117,None,0,9,9,64,80.56606629997259,,,,,,,,,80.5521855999832,80.56606629997259,80.64983509999001,81.54979570000432,81.54979570000432,81.54979570000432,81.54979570000432,81.56631780002499,82.21662600000855,0,g,0,1.550020799972117,None,,,,,,,,participant2,001,2025-11-18_17h38.50.780,Solo Project,,2025.1.1,59.99854805202017,2025-11-18 17h39.08.695843 +0530,
45,1,f,learn,2,10,10,0,f,1,1.340955599967856,None,0,10,10,44,82.23283539997647,,,,,,,,,82.21845260000555,82.23283539997647,82.31616930000018,83.21594580000965,83.21594580000965,83.21594580000965,83.21594580000965,83.23280270001851,83.66693790000863,1,f,1,1.340955599967856,None,,,,,,,,participant2,001,2025-11-18_17h38.50.780,Solo Project,,2025.1.1,59.99854805202017,2025-11-18 17h39.08.695843 +0530,
50,2,g,learn,2,11,11,0,g,1,1.41647399996873,None,0,11,11,49,83.68257830000948,,,,,,,,,83.6687324999948,83.68257830000948,83.78266319999238,84.68261090002488,84.68261090002488,84.68261090002488,84.68261090002488,84.68261090002488,85.21683160000248,1,g,1,1.41647399996873,None,,,,,,,,participant2,001,2025-11-18_17h38.50.780,Solo Project,,2025.1.1,59.99854805202017,2025-11-18 17h39.08.695843 +0530,
23,2,h,learn,1,12,12,0,g,0,1.8190063000074588,None,0,12,12,22,85.23243149998598,,,,,,,,,85.21860109997215,85.23243149998598,85.33245749998605,86.23244390002219,86.23244390002219,86.23244390002219,86.23244390002219,86.23244390002219,87.16613389999839,0,g,0,1.8190063000074588,None,,,,,,,,participant2,001,2025-11-18_17h38.50.780,Solo Project,,2025.1.1,59.99854805202017,2025-11-18 17h39.08.695843 +0530,
11,2,h,learn,1,13,13,0,g,0,1.4333316000411287,None,0,13,13,10,87.18207310000435,,,,,,,,,87.16799579997314,87.18207310000435,87.26534490002086,88.16528620000463,88.16528620000463,88.16528620000463,88.16528620000463,88.18190450000111,88.69965530000627,0,g,0,1.4333316000411287,None,,,,,,,,participant2,001,2025-11-18_17h38.50.780,Solo Project,,2025.1.1,59.99854805202017,2025-11-18 17h39.08.695843 +0530,
41,2,f,learn,2,14,14,0,g,0,1.424188300035894,None,0,14,14,40,88.71495819999836,,,,,,,,,88.7014323999756,88.71495819999836,88.81512430001749,89.71519870002521,89.71519870002521,89.71519870002521,89.71519870002521,89.71519870002521,90.24923449999187,0,g,0,1.424188300035894,None,,,,,,,,participant2,001,2025-11-18_17h38.50.780,Solo Project,,2025.1.1,59.99854805202017,2025-11-18 17h39.08.695843 +0530,
75,1,h,learn,2,15,15,0,f,0,1.4431448000250384,None,0,15,15,74,90.26488289999543,,,,,,,,,90.25104479998117,90.26488289999543,90.34808119997615,91.26467280002544,91.26467280002544,91.26467280002544,91.26467280002544,91.26467280002544,91.79887499997858,0,f,0,1.4431448000250384,None,,,,,,,,participant2,001,2025-11-18_17h38.50.780,Solo Project,,2025.1.1,59.99854805202017,2025-11-18 17h39.08.695843 +0530,
8,2,j,learn,1,16,16,0,g,0,1.4432460000389256,None,0,16,16,7,91.81463109998731,,,,,,,,,91.80065420002211,91.81463109998731,91.914629100007,92.8143900000141,92.8143900000141,92.8143900000141,92.8143900000141,92.8143900000141,93.36514980002539,0,g,0,1.4432460000389256,None,,,,,,,,participant2,001,2025-11-18_17h38.50.780,Solo Project,,2025.1.1,59.99854805202017,2025-11-18 17h39.08.695843 +0530,
17,2,f,learn,1,17,17,0,g,0,1.3597042000037618,None,0,17,17,16,93.38112899998669,,,,,,,,,93.36733089998597,93.38112899998669,93.46428810001817,94.38079710002057,94.38079710002057,94.38079710002057,94.38079710002057,94.38079710002057,94.83192019996932,0,g,0,1.3597042000037618,None,,,,,,,,participant2,001,2025-11-18_17h38.50.780,Solo Project,,2025.1.1,59.99854805202017,2025-11-18 17h39.08.695843 +0530,
66,3,g,learn,2,18,18,0,h,0,1.5639718999736942,None,0,18,18,65,94.84756490000291,,,,,,,,,94.83383730001515,94.84756490000291,94.94757499999832,95.84732910001185,95.84732910001185,95.84732910001185,95.84732910001185,95.84732910001185,96.51447589998133,0,h,0,1.5639718999736942,None,,,,,,,,participant2,001,2025-11-18_17h38.50.780,Solo Project,,2025.1.1,59.99854805202017,2025-11-18 17h39.08.695843 +0530,
78,1,g,learn,2,19,19,0,f,0,1.5557210000115447,None,0,19,19,77,96.53064309997717,,,,,,,,,96.51623409998138,96.53064309997717,96.61386799998581,97.53053380001802,97.53053380001802,97.53053380001802,97.53053380001802,97.53053380001802,98.18096470000455,0,f,0,1.5557210000115447,None,,,,,,,,participant2,001,2025-11-18_17h38.50.780,Solo Project,,2025.1.1,59.99854805202017,2025-11-18 17h39.08.695843 +0530,
28,2,j,learn,1,20,20,0,g,0,1.5066102999844588,None,0,20,20,27,98.19704609998735,,,,,,,,,98.18277389998548,98.19704609998735,98.28029309998965,99.18028839997714,99.18028839997714,99.18028839997714,99.18028839997714,99.19693819998065,99.79706900002202,0,g,0,1.5066102999844588,None,,,,,,,,participant2,001,2025-11-18_17h38.50.780,Solo Project,,2025.1.1,59.99854805202017,2025-11-18 17h39.08.695843 +0530,
18,1,g,learn,1,21,21,0,f,0,1.6987364999949932,None,0,21,21,17,99.81325579999248,,,,,,,,,99.79848009999841,99.81325579999248,99.89681629999541,100.79641780001111,100.79641780001111,100.79641780001111,100.79641780001111,100.81295390002197,101.59713070001453,0,f,0,1.6987364999949932,None,,,,,,,,participant2,001,2025-11-18_17h38.50.780,Solo Project,,2025.1.1,59.99854805202017,2025-11-18 17h39.08.695843 +0530,
53,2,f,learn,2,22,22,0,g,0,1.4703737000236288,None,0,22,22,52,101.61309170001186,,,,,,,,,101.59900849999394,101.61309170001186,101.69653389998712,102.59642919996986,102.59642919996986,102.59642919996986,102.59642919996986,102.61286479997216,103.18052380002337,0,g,0,1.4703737000236288,None,,,,,,,,participant2,001,2025-11-18_17h38.50.780,Solo Project,,2025.1.1,59.99854805202017,2025-11-18 17h39.08.695843 +0530,
24,3,j,learn,1,23,23,0,h,0,1.5344450999982655,None,0,23,23,23,103.19624690001365,,,,,,,,,103.18251339998096,103.19624690001365,103.29616979998536,104.19613789999858,104.19613789999858,104.19613789999858,104.19613789999858,104.19613789999858,104.8469238000107,0,h,0,1.5344450999982655,None,,,,,,,,participant2,001,2025-11-18_17h38.50.780,Solo Project,,2025.1.1,59.99854805202017,2025-11-18 17h39.08.695843 +0530,
7,4,h,learn,1,24,24,0,j,0,1.4258544000331312,None,0,24,24,6,104.86253320000833,,,,,,,,,104.84922590001952,104.86253320000833,104.94603950000601,105.8624610999832,105.8624610999832,105.8624610999832,105.8624610999832,105.8624610999832,106.3801220000023,0,j,0,1.4258544000331312,None,,,,,,,,participant2,001,2025-11-18_17h38.50.780,Solo Project,,2025.1.1,59.99854805202017,2025-11-18 17h39.08.695843 +0530,
55,2,h,learn,2,25,25,0,f,0,1.6832962000044063,None,0,25,25,54,106.39575690001948,,,,,,,,,106.38193859998137,106.39575690001948,106.49566299997969,107.39571650000289,107.39571650000289,107.39571650000289,107.39571650000289,107.39571650000289,108.18011949997162,0,f,0,1.6832962000044063,None,,,,,,,,participant2,001,2025-11-18_17h38.50.780,Solo Project,,2025.1.1,59.99854805202017,2025-11-18 17h39.08.695843 +0530,
58,1,g,learn,2,26,26,0,f,0,1.5621810000156984,None,0,26,26,57,108.19549080001889,,,,,,,,,108.18189790000906,108.19549080001889,108.29547760001151,109.19539720000466,109.19539720000466,109.19539720000466,109.19539720000466,109.19539720000466,109.86258790001739,0,f,0,1.5621810000156984,None,,,,,,,,participant2,001,2025-11-18_17h38.50.780,Solo Project,,2025.1.1,59.99854805202017,2025-11-18 17h39.08.695843 +0530,
60,1,j,learn,2,27,27,0,f,0,1.8163588999886997,None,0,27,27,59,109.8786928000045,,,,,,,,,109.86439980001887,109.8786928000045,109.96174769999925,110.86169960000552,110.86169960000552,110.86169960000552,110.86169960000552,110.87856609997107,111.77936200000113,0,f,0,1.8163588999886997,None,,,,,,,,participant2,001,2025-11-18_17h38.50.780,Solo Project,,2025.1.1,59.99854805202017,2025-11-18 17h39.08.695843 +0530,
1,4,f,learn,1,28,28,0,j,0,1.4124243999831378,None,0,28,28,0,111.79490310000256,,,,,,,,,111.78114169999026,111.79490310000256,111.89462989999447,112.79479499999434,112.79479499999434,112.79479499999434,112.79479499999434,112.79479499999434,113.31192920001922,0,j,0,1.4124243999831378,None,,,,,,,,participant2,001,2025-11-18_17h38.50.780,Solo Project,,2025.1.1,59.99854805202017,2025-11-18 17h39.08.695843 +0530,
71,1,h,learn,2,29,29,0,f,0,2.069340899994131,None,0,29,29,70,113.32793309999397,,,,,,,,,113.31406940001762,113.32793309999397,113.41111320001073,114.31119959999342,114.31119959999342,114.31119959999342,114.31119959999342,114.32757899997523,115.49533230002271,0,f,0,2.069340899994131,None,,,,,,,,participant2,001,2025-11-18_17h38.50.780,Solo Project,,2025.1.1,59.99854805202017,2025-11-18 17h39.08.695843 +0530,
5,3,f,learn,1,30,30,0,h,0,1.706140200025402,None,0,30,30,4,115.51095359999454,,,,,,,,,115.49716660002014,115.51095359999454,115.61091749998741,116.51077320001787,116.51077320001787,116.51077320001787,116.51077320001787,116.51077320001787,117.32829049997963,0,h,0,1.706140200025402,None,,,,,,,,participant2,001,2025-11-18_17h38.50.780,Solo Project,,2025.1.1,59.99854805202017,2025-11-18 17h39.08.695843 +0530,
44,4,j,learn,2,31,31,0,j,1,1.4474379000021145,None,0,31,31,43,117.3441610999871,,,,,,,,,117.33053289999953,117.3441610999871,117.44389689998934,118.34393380000256,118.34393380000256,118.34393380000256,118.34393380000256,118.34393380000256,118.89466469996842,1,j,1,1.4474379000021145,None,,,,,,,,participant2,001,2025-11-18_17h38.50.780,Solo Project,,2025.1.1,59.99854805202017,2025-11-18 17h39.08.695843 +0530,
67,3,h,learn,2,32,32,0,h,1,1.55762879998656,None,0,32,32,66,118.91033869999228,,,,,,,,,118.89643419999629,118.91033869999228,118.99374850001186,119.91034439997748,119.91034439997748,119.91034439997748,119.91034439997748,119.91034439997748,120.56085429998348,1,h,1,1.55762879998656,None,,,,,,,,participant2,001,2025-11-18_17h38.50.780,Solo Project,,2025.1.1,59.99854805202017,2025-11-18 17h39.08.695843 +0530,
57,3,f,learn,2,33,33,0,h,0,1.6241640000371262,None,0,33,33,56,120.57697180000832,,,,,,,,,120.56264239997836,120.57697180000832,120.66009149997262,121.57667669997318,121.57667669997318,121.57667669997318,121.57667669997318,121.57667669997318,122.2941593999858,0,h,0,1.6241640000371262,None,,,,,,,,participant2,001,2025-11-18_17h38.50.780,Solo Project,,2025.1.1,59.99854805202017,2025-11-18 17h39.08.695843 +0530,
39,3,h,learn,1,34,34,0,h,1,1.3631775999674574,None,0,34,34,38,122.30980370001635,,,,,,,,,122.29599979997147,122.30980370001635,122.40951560001122,123.30969119997462,123.30969119997462,123.30969119997462,123.30969119997462,123.30969119997462,123.7772642999771,1,h,1,1.3631775999674574,None,,,,,,,,participant2,001,2025-11-18_17h38.50.780,Solo Project,,2025.1.1,59.99854805202017,2025-11-18 17h39.08.695843 +0530,
33,3,f,learn,1,35,35,0,h,0,1.3908021999523044,None,0,35,35,32,123.79287469998235,,,,,,,,,123.7799555999809,123.79287469998235,123.89275419997284,124.79268690000754,124.79268690000754,124.79268690000754,124.79268690000754,124.79268690000754,125.29372790001798,0,h,0,1.3908021999523044,None,,,,,,,,participant2,001,2025-11-18_17h38.50.780,Solo Project,,2025.1.1,59.99854805202017,2025-11-18 17h39.08.695843 +0530,
15,4,h,learn,1,36,36,0,j,0,1.4253547000116669,None,0,36,36,14,125.30934769997839,,,,,,,,,125.29554249998182,125.30934769997839,125.39269750000676,126.30924839997897,126.30924839997897,126.30924839997897,126.30924839997897,126.30924839997897,126.82659840001725,0,j,0,1.4253547000116669,None,,,,,,,,participant2,001,2025-11-18_17h38.50.780,Solo Project,,2025.1.1,59.99854805202017,2025-11-18 17h39.08.695843 +0530,
43,2,h,learn,2,37,37,0,g,0,1.6189067999948747,None,0,37,37,42,126.8424847999704,,,,,,,,,126.82837489998201,126.8424847999704,126.94242989999475,127.84252140001627,127.84252140001627,127.84252140001627,127.84252140001627,127.84252140001627,128.57654490001732,0,g,0,1.6189067999948747,None,,,,,,,,participant2,001,2025-11-18_17h38.50.780,Solo Project,,2025.1.1,59.99854805202017,2025-11-18 17h39.08.695843 +0530,
26,4,g,learn,1,38,38,0,j,0,1.773920800013002,None,0,38,38,25,128.59206220001215,,,,,,,,,128.5783303999924,128.59206220001215,128.6922843999928,129.59213200001977,129.59213200001977,129.59213200001977,129.59213200001977,129.59213200001977,130.47621699998854,0,j,0,1.773920800013002,None,,,,,,,,participant2,001,2025-11-18_17h38.50.780,Solo Project,,2025.1.1,59.99854805202017,2025-11-18 17h39.08.695843 +0530,
61,3,f,learn,2,39,39,0,h,0,2.171448600012809,None,0,39,39,60,130.49183880002238,,,,,,,,,130.47918899997603,130.49183880002238,130.59190699999453,131.49182619998464,131.49182619998464,131.49182619998464,131.49182619998464,131.49182619998464,132.77535399998305,0,h,0,2.171448600012809,None,,,,,,,,participant2,001,2025-11-18_17h38.50.780,Solo Project,,2025.1.1,59.99854805202017,2025-11-18 17h39.08.695843 +0530,
22,3,g,learn,1,40,40,0,h,0,1.3315067999647,None,0,40,40,21,132.79157930001384,,,,,,,,,132.77742220001528,132.79157930001384,132.87489350000396,133.7748142000055,133.7748142000055,133.7748142000055,133.7748142000055,133.79158830002416,134.2084138999926,0,h,0,1.3315067999647,None,,,,,,,,participant2,001,2025-11-18_17h38.50.780,Solo Project,,2025.1.1,59.99854805202017,2025-11-18 17h39.08.695843 +0530,
40,1,j,learn,1,41,41,0,f,0,1.732558700023219,None,0,41,41,39,134.22448149998672,,,,,,,,,134.21019610000076,134.22448149998672,134.30766320001567,135.20767739997245,135.20767739997245,135.20767739997245,135.20767739997245,135.2245358999935,136.04146639996907,0,f,0,1.732558700023219,None,,,,,,,,participant2,001,2025-11-18_17h38.50.780,Solo Project,,2025.1.1,59.99854805202017,2025-11-18 17h39.08.695843 +0530,
49,4,f,learn,2,42,42,0,j,0,1.4658489999710582,None,0,42,42,48,136.0576454999973,,,,,,,,,136.04325270000845,136.0576454999973,136.14107900002273,137.04096810001647,137.04096810001647,137.04096810001647,137.04096810001647,137.05751880002208,137.60806579998462,0,j,0,1.4658489999710582,None,,,,,,,,participant2,001,2025-11-18_17h38.50.780,Solo Project,,2025.1.1,59.99854805202017,2025-11-18 17h39.08.695843 +0530,
64,2,j,learn,2,43,43,0,g,0,1.5720669999718666,None,0,43,43,63,137.62414189998526,,,,,,,,,137.6099599999725,137.62414189998526,137.70726529997773,138.6075714000035,138.6075714000035,138.6075714000035,138.6075714000035,138.6238224999979,139.29137699998682,0,g,0,1.5720669999718666,None,,,,,,,,participant2,001,2025-11-18_17h38.50.780,Solo Project,,2025.1.1,59.99854805202017,2025-11-18 17h39.08.695843 +0530,
54,4,g,learn,2,44,44,0,j,0,1.5773231000057422,None,0,44,44,53,139.30668729997706,,,,,,,,,139.29342920001363,139.30668729997706,139.39061459997902,140.30685400002403,140.30685400002403,140.30685400002403,140.30685400002403,140.30685400002403,140.97444979997817,0,j,0,1.5773231000057422,None,,,,,,,,participant2,001,2025-11-18_17h38.50.780,Solo Project,,2025.1.1,59.99854805202017,2025-11-18 17h39.08.695843 +0530,
19,1,h,learn,1,45,45,0,f,0,1.5693546999827959,None,0,45,45,18,140.9904701000196,,,,,,,,,140.97648650000338,140.9904701000196,141.07371129997773,141.99009139998816,141.99009139998816,141.99009139998816,141.99009139998816,141.99009139998816,142.65733969997382,0,f,0,1.5693546999827959,None,,,,,,,,participant2,001,2025-11-18_17h38.50.780,Solo Project,,2025.1.1,59.99854805202017,2025-11-18 17h39.08.695843 +0530,
34,4,g,learn,1,46,46,0,j,0,1.4839915999909863,None,0,46,46,33,142.67308049998246,,,,,,,,,142.65909099997953,142.67308049998246,142.75657029997092,143.65648469998268,143.65648469998268,143.65648469998268,143.65648469998268,143.6732547999709,144.25714260002133,0,j,0,1.4839915999909863,None,,,,,,,,participant2,001,2025-11-18_17h38.50.780,Solo Project,,2025.1.1,59.99854805202017,2025-11-18 17h39.08.695843 +0530,
52,2,j,learn,2,47,47,0,g,0,1.3630263999802992,None,0,47,47,51,144.27310230000876,,,,,,,,,144.25894460000563,144.27310230000876,144.3563465999905,145.2730444999761,145.2730444999761,145.2730444999761,145.2730444999761,145.2730444999761,145.72382860002108,0,g,0,1.3630263999802992,None,,,,,,,,participant2,001,2025-11-18_17h38.50.780,Solo Project,,2025.1.1,59.99854805202017,2025-11-18 17h39.08.695843 +0530,
29,2,f,learn,1,48,48,0,g,0,1.5993548999540508,None,0,48,48,28,145.73952990002,,,,,,,,,145.7255928000086,145.73952990002,145.83952209999552,146.73937959998148,146.73937959998148,146.73937959998148,146.73937959998148,146.73937959998148,147.43994399998337,0,g,0,1.5993548999540508,None,,,,,,,,participant2,001,2025-11-18_17h38.50.780,Solo Project,,2025.1.1,59.99854805202017,2025-11-18 17h39.08.695843 +0530,
70,4,g,learn,2,49,49,0,j,0,2.200399200024549,None,0,49,49,69,147.45574040000793,,,,,,,,,147.4416766000213,147.45574040000793,147.53907399997115,148.4391798999859,148.4391798999859,148.4391798999859,148.4391798999859,148.45576049998635,149.75591030000942,0,j,0,2.200399200024549,None,,,,,,,,participant2,001,2025-11-18_17h38.50.780,Solo Project,,2025.1.1,59.99854805202017,2025-11-18 17h39.08.695843 +0530,
59,4,h,learn,2,50,50,0,j,0,1.397936400026083,None,0,50,50,58,149.77185309998458,,,,,,,,,149.75802529999055,149.77185309998458,149.8549063000246,150.75547169998754,150.75547169998754,150.75547169998754,150.75547169998754,150.7718880000175,151.25621189997764,0,j,0,1.397936400026083,None,,,,,,,,participant2,001,2025-11-18_17h38.50.780,Solo Project,,2025.1.1,59.99854805202017,2025-11-18 17h39.08.695843 +0530,
46,1,g,learn,2,51,51,0,f,0,1.7344759999541566,None,0,51,51,45,151.27174039999954,,,,,,,,,151.2580963000073,151.27174039999954,151.37171049998142,152.27193649997935,152.27193649997935,152.27193649997935,152.27193649997935,152.27193649997935,153.1225615000003,0,f,0,1.7344759999541566,None,,,,,,,,participant2,001,2025-11-18_17h38.50.780,Solo Project,,2025.1.1,59.99854805202017,2025-11-18 17h39.08.695843 +0530,
36,3,j,learn,1,52,52,0,h,0,1.7472945000045002,None,0,52,52,35,153.13848909997614,,,,,,,,,153.12434629997006,153.13848909997614,153.23829010000918,154.13817779999226,154.13817779999226,154.13817779999226,154.13817779999226,154.13817779999226,154.9887190000154,0,h,0,1.7472945000045002,None,,,,,,,,participant2,001,2025-11-18_17h38.50.780,Solo Project,,2025.1.1,59.99854805202017,2025-11-18 17h39.08.695843 +0530,
51,1,h,learn,2,53,53,0,f,0,1.600848100031726,None,0,53,53,50,155.00471030001063,,,,,,,,,154.9904961999855,155.00471030001063,155.08784759999253,155.9877180000185,155.9877180000185,155.9877180000185,155.9877180000185,156.00441970000975,156.7051674000104,0,f,0,1.600848100031726,None,,,,,,,,participant2,001,2025-11-18_17h38.50.780,Solo Project,,2025.1.1,59.99854805202017,2025-11-18 17h39.08.695843 +0530,
2,2,g,learn,1,54,54,0,g,1,3.091425899998285,None,0,54,54,1,156.72121340001468,,,,,,,,,156.70705129997805,156.72121340001468,156.82106300001033,157.70398390002083,157.70398390002083,157.70398390002083,157.70398390002083,157.721101299976,159.92151929996908,1,g,1,3.091425899998285,None,,,,,,,,participant2,001,2025-11-18_17h38.50.780,Solo Project,,2025.1.1,59.99854805202017,2025-11-18 17h39.08.695843 +0530,
20,4,j,learn,1,55,55,0,j,1,2.1098137999651954,None,0,55,55,19,159.93730029999278,,,,,,,,,159.9233111999929,159.93730029999278,160.03708109998843,160.9371950000059,160.9371950000059,160.9371950000059,160.9371950000059,160.9371950000059,162.15441979997559,1,j,1,2.1098137999651954,None,,,,,,,,participant2,001,2025-11-18_17h38.50.780,Solo Project,,2025.1.1,59.99854805202017,2025-11-18 17h39.08.695843 +0530,
79,1,h,learn,2,56,56,0,f,0,1.5373262999928556,None,0,56,56,78,162.16995660000248,,,,,,,,,162.15664589998778,162.16995660000248,162.2535838999902,163.15337690000888,163.15337690000888,163.15337690000888,163.15337690000888,163.17000270000426,163.8039082000032,0,f,0,1.5373262999928556,None,,,,,,,,participant2,001,2025-11-18_17h38.50.780,Solo Project,,2025.1.1,59.99854805202017,2025-11-18 17h39.08.695843 +0530,
47,1,h,learn,2,57,57,0,f,0,2.9843954000389203,None,0,57,57,46,163.81977300002472,,,,,,,,,163.80575659999158,163.81977300002472,163.90321790002054,164.80322379997233,164.80322379997233,164.80322379997233,164.80322379997233,164.8201486999751,166.90343519998714,0,f,0,2.9843954000389203,None,,,,,,,,participant2,001,2025-11-18_17h38.50.780,Solo Project,,2025.1.1,59.99854805202017,2025-11-18 17h39.08.695843 +0530,
77,1,f,learn,2,58,58,0,f,1,1.8296445999876596,None,0,58,58,76,166.91958769998746,,,,,,,,,166.9053226999822,166.91958769998746,167.00270569999702,167.9193907000008,167.9193907000008,167.9193907000008,167.9193907000008,167.9193907000008,168.83676380000543,1,f,1,1.8296445999876596,None,,,,,,,,participant2,001,2025-11-18_17h38.50.780,Solo Project,,2025.1.1,59.99854805202017,2025-11-18 17h39.08.695843 +0530,
13,1,f,learn,1,59,59,0,f,1,1.3666547000175342,None,0,59,59,12,168.852172599989,,,,,,,,,168.83929269999499,168.852172599989,168.9523433999857,169.85209890000988,169.85209890000988,169.85209890000988,169.85209890000988,169.85209890000988,170.319837499992,1,f,1,1.3666547000175342,None,,,,,,,,participant2,001,2025-11-18_17h38.50.780,Solo Project,,2025.1.1,59.99854805202017,2025-11-18 17h39.08.695843 +0530,
14,4,g,learn,1,60,60,0,j,0,1.3662844999926165,None,0,60,60,13,170.33569149998948,,,,,,,,,170.32156640000176,170.33569149998948,170.43554540001787,171.33529939997243,171.33529939997243,171.33529939997243,171.33529939997243,171.33529939997243,171.8028309000074,0,j,0,1.3662844999926165,None,,,,,,,,participant2,001,2025-11-18_17h38.50.780,Solo Project,,2025.1.1,59.99854805202017,2025-11-18 17h39.08.695843 +0530,
80,1,j,learn,2,61,61,0,f,0,1.3662536999909207,None,0,61,61,79,171.8187475000159,,,,,,,,,171.80459569999948,171.8187475000159,171.9021204999881,172.80186020000838,172.80186020000838,172.80186020000838,172.80186020000838,172.81864949996816,173.26950160000706,0,f,0,1.3662536999909207,None,,,,,,,,participant2,001,2025-11-18_17h38.50.780,Solo Project,,2025.1.1,59.99854805202017,2025-11-18 17h39.08.695843 +0530,
68,3,j,learn,2,62,62,0,h,0,1.388385800004471,None,0,62,62,67,173.28501130000222,,,,,,,,,173.2712729999912,173.28501130000222,173.38523610000266,174.28511810000055,174.28511810000055,174.28511810000055,174.28511810000055,174.28511810000055,174.78577560000122,0,h,0,1.388385800004471,None,,,,,,,,participant2,001,2025-11-18_17h38.50.780,Solo Project,,2025.1.1,59.99854805202017,2025-11-18 17h39.08.695843 +0530,
74,3,g,learn,2,63,63,0,h,0,1.5973439999506809,None,0,63,63,73,174.80140980001306,,,,,,,,,174.78756650001742,174.80140980001306,174.88492350000888,175.7849021999864,175.7849021999864,175.7849021999864,175.7849021999864,175.80154700001003,176.4857715999824,0,h,0,1.5973439999506809,None,,,,,,,,participant2,001,2025-11-18_17h38.50.780,Solo Project,,2025.1.1,59.99854805202017,2025-11-18 17h39.08.695843 +0530,
62,1,g,learn,2,64,64,0,f,0,1.4504304000292905,None,0,64,64,61,176.50114569999278,,,,,,,,,176.48757250001654,176.50114569999278,176.60123169998406,177.50113639998017,177.50113639998017,177.50113639998017,177.50113639998017,177.50113639998017,178.06852189998608,0,f,0,1.4504304000292905,None,,,,,,,,participant2,001,2025-11-18_17h38.50.780,Solo Project,,2025.1.1,59.99854805202017,2025-11-18 17h39.08.695843 +0530,
3,1,h,learn,1,65,65,0,f,0,1.3165055999998003,None,0,65,65,2,178.08425000001444,,,,,,,,,178.0704156999709,178.08425000001444,178.16751409997232,179.08433979999973,179.08433979999973,179.08433979999973,179.08433979999973,179.08433979999973,179.48518730001524,0,f,0,1.3165055999998003,None,,,,,,,,participant2,001,2025-11-18_17h38.50.780,Solo Project,,2025.1.1,59.99854805202017,2025-11-18 17h39.08.695843 +0530,
56,3,j,learn,2,66,66,0,h,0,1.4913092000060715,None,0,66,66,55,179.50046840001596,,,,,,,,,179.48694289999548,179.50046840001596,179.60071009997046,180.483897899976,180.483897899976,180.483897899976,180.483897899976,180.50074519996997,181.10119289997965,0,h,0,1.4913092000060715,None,,,,,,,,participant2,001,2025-11-18_17h38.50.780,Solo Project,,2025.1.1,59.99854805202017,2025-11-18 17h39.08.695843 +0530,
72,1,j,learn,2,67,67,0,f,0,1.623307499976363,None,0,67,67,71,181.11727839999367,,,,,,,,,181.10296749998815,181.11727839999367,181.20056989998557,182.11687799997162,182.11687799997162,182.11687799997162,182.11687799997162,182.11687799997162,182.83456460002344,0,f,0,1.623307499976363,None,,,,,,,,participant2,001,2025-11-18_17h38.50.780,Solo Project,,2025.1.1,59.99854805202017,2025-11-18 17h39.08.695843 +0530,
4,3,j,learn,1,68,68,0,h,0,1.4244717999827117,None,0,68,68,3,182.85049510002136,,,,,,,,,182.83633189997636,182.85049510002136,182.95012009999482,183.8501584000187,183.8501584000187,183.8501584000187,183.8501584000187,183.8501584000187,184.3842500000028,0,h,0,1.4244717999827117,None,,,,,,,,participant2,001,2025-11-18_17h38.50.780,Solo Project,,2025.1.1,59.99854805202017,2025-11-18 17h39.08.695843 +0530,
31,4,h,learn,1,69,69,0,j,0,1.436895600054413,None,0,69,69,30,184.3999882999924,,,,,,,,,184.38604770001257,184.3999882999924,184.48317670001416,185.3998926000204,185.3998926000204,185.3998926000204,185.3998926000204,185.3998926000204,185.93417129997397,0,j,0,1.436895600054413,None,,,,,,,,participant2,001,2025-11-18_17h38.50.780,Solo Project,,2025.1.1,59.99854805202017,2025-11-18 17h39.08.695843 +0530,
6,4,g,learn,1,70,70,0,j,0,1.3868310999823734,None,0,70,70,5,185.94975259999046,,,,,,,,,185.93594290001784,185.94975259999046,186.04977769998368,186.94967840000754,186.94967840000754,186.94967840000754,186.94967840000754,186.94967840000754,187.4502992000198,0,j,0,1.3868310999823734,None,,,,,,,,participant2,001,2025-11-18_17h38.50.780,Solo Project,,2025.1.1,59.99854805202017,2025-11-18 17h39.08.695843 +0530,
25,1,f,learn,1,71,71,0,f,1,1.6058668000041507,None,0,71,71,24,187.466196399997,,,,,,,,,187.45208889996866,187.466196399997,187.54950939997798,188.46617209998658,188.46617209998658,188.46617209998658,188.46617209998658,188.46617209998658,189.1668592999922,1,f,1,1.6058668000041507,None,,,,,,,,participant2,001,2025-11-18_17h38.50.780,Solo Project,,2025.1.1,59.99854805202017,2025-11-18 17h39.08.695843 +0530,
42,2,g,learn,2,72,72,0,g,1,1.5189669000101276,None,0,72,72,41,189.18268520000856,,,,,,,,,189.16863009997178,189.18268520000856,189.28276089997962,190.1825265000225,190.1825265000225,190.1825265000225,190.1825265000225,190.1825265000225,190.8167021999834,1,g,1,1.5189669000101276,None,,,,,,,,participant2,001,2025-11-18_17h38.50.780,Solo Project,,2025.1.1,59.99854805202017,2025-11-18 17h39.08.695843 +0530,
30,2,g,learn,1,73,73,0,g,1,1.7336671999655664,None,0,73,73,29,190.8324545000214,,,,,,,,,190.81852640002035,190.8324545000214,190.93243200000143,191.83237550000194,191.83237550000194,191.83237550000194,191.83237550000194,191.83237550000194,192.68289950001054,1,g,1,1.7336671999655664,None,,,,,,,,participant2,001,2025-11-18_17h38.50.780,Solo Project,,2025.1.1,59.99854805202017,2025-11-18 17h39.08.695843 +0530,
16,4,j,learn,1,74,74,0,j,1,1.334577600006014,None,0,74,74,15,192.69869960000506,,,,,,,,,192.68469999998342,192.69869960000506,192.7820844000089,193.6819229000248,193.6819229000248,193.6819229000248,193.6819229000248,193.69859400001587,194.1326207999955,1,j,1,1.334577600006014,None,,,,,,,,participant2,001,2025-11-18_17h38.50.780,Solo Project,,2025.1.1,59.99854805202017,2025-11-18 17h39.08.695843 +0530,
38,2,g,learn,1,75,75,0,g,1,1.5017882999964058,None,0,75,75,37,194.14851620001718,,,,,,,,,194.1344337000046,194.14851620001718,194.2317859000177,195.13180259999353,195.13180259999353,195.13180259999353,195.13180259999353,195.1483925000066,195.74910499999532,1,g,1,1.5017882999964058,None,,,,,,,,participant2,001,2025-11-18_17h38.50.780,Solo Project,,2025.1.1,59.99854805202017,2025-11-18 17h39.08.695843 +0530,
63,4,h,learn,2,76,76,0,j,0,1.4617112000123598,None,0,76,76,62,195.76501370000187,,,,,,,,,195.750939199992,195.76501370000187,195.8649217999773,196.76480359997367,196.76480359997367,196.76480359997367,196.76480359997367,196.76480359997367,197.33227449998958,0,j,0,1.4617112000123598,None,,,,,,,,participant2,001,2025-11-18_17h38.50.780,Solo Project,,2025.1.1,59.99854805202017,2025-11-18 17h39.08.695843 +0530,
76,3,j,learn,2,77,77,0,h,0,1.5829947000020184,None,0,77,77,75,197.34791750001023,,,,,,,,,197.3340501000057,197.34791750001023,197.43135749996873,198.34789630002342,198.34789630002342,198.34789630002342,198.34789630002342,198.34789630002342,199.01560450001853,0,h,0,1.5829947000020184,None,,,,,,,,participant2,001,2025-11-18_17h38.50.780,Solo Project,,2025.1.1,59.99854805202017,2025-11-18 17h39.08.695843 +0530,
37,4,f,learn,1,78,78,0,j,0,1.6149443000322208,None,0,78,78,36,199.0311311999685,,,,,,,,,199.01733230001992,199.0311311999685,199.13110330002382,200.03075279999757,200.03075279999757,200.03075279999757,200.03075279999757,200.03075279999757,200.7476530999993,0,j,0,1.6149443000322208,None,,,,,,,,participant2,001,2025-11-18_17h38.50.780,Solo Project,,2025.1.1,59.99854805202017,2025-11-18 17h39.08.695843 +0530,
32,3,j,learn,1,79,79,0,h,0,1.6983977999771014,None,0,79,79,31,200.76427280000644,,,,,,,,,200.74944200000027,200.76427280000644,200.84724829997867,201.7473306999891,201.7473306999891,201.7473306999891,201.7473306999891,201.76406989997486,202.54759869998088,0,h,0,1.6983977999771014,None,,,,,,,,participant2,001,2025-11-18_17h38.50.780,Solo Project,,2025.1.1,59.99854805202017,2025-11-18 17h39.08.695843 +0530,
15,4,h,learn,1,80,0,1,j,0,3.14316969999345,None,1,0,80,14,202.56387070001801,,,,,,,,,202.55054550000932,202.56387070001801,202.6469951000181,203.5468675000011,203.5468675000011,203.5468675000011,203.5468675000011,203.5637326000142,205.79739279998466,0,j,0,3.14316969999345,None,,,,,,,,participant2,001,2025-11-18_17h38.50.780,Solo Project,,2025.1.1,59.99854805202017,2025-11-18 17h39.08.695843 +0530,
77,1,f,learn,2,81,1,1,f,1,1.7269345999811776,None,1,1,81,76,205.81337559997337,,,,,,,,,205.8000563000096,205.81337559997337,205.89633269998012,206.79622939997353,206.79622939997353,206.79622939997353,206.79622939997353,206.8133982999716,207.63064300001133,1,f,1,1.7269345999811776,None,,,,,,,,participant2,001,2025-11-18_17h38.50.780,Solo Project,,2025.1.1,59.99854805202017,2025-11-18 17h39.08.695843 +0530,
22,3,g,learn,1,82,2,1,h,0,1.4243882999871857,None,1,2,82,21,207.64627450000262,,,,,,,,,207.6331737000146,207.64627450000262,207.74637170002097,208.64620610000566,208.64620610000566,208.64620610000566,208.64620610000566,208.64620610000566,209.18021289998433,0,h,0,1.4243882999871857,None,,,,,,,,participant2,001,2025-11-18_17h38.50.780,Solo Project,,2025.1.1,59.99854805202017,2025-11-18 17h39.08.695843 +0530,
32,3,j,learn,1,83,3,1,h,0,1.4789751000353135,None,1,3,83,31,209.19604319997597,,,,,,,,,209.18253370001912,209.19604319997597,209.27920300001279,210.19597060000524,210.19597060000524,210.19597060000524,210.19597060000524,210.19597060000524,210.76346170000033,0,h,0,1.4789751000353135,None,,,,,,,,participant2,001,2025-11-18_17h38.50.780,Solo Project,,2025.1.1,59.99854805202017,2025-11-18 17h39.08.695843 +0530,
74,3,g,learn,2,84,4,1,h,0,1.438554499996826,None,1,4,84,73,210.77912780002225,,,,,,,,,210.7660109999706,210.77912780002225,210.87900750001427,211.77883959998144,211.77883959998144,211.77883959998144,211.77883959998144,211.77883959998144,212.32927119999658,0,h,0,1.438554499996826,None,,,,,,,,participant2,001,2025-11-18_17h38.50.780,Solo Project,,2025.1.1,59.99854805202017,2025-11-18 17h39.08.695843 +0530,
2,2,g,learn,1,85,5,1,g,1,1.6391368000186048,None,1,5,85,1,212.34516670001904,,,,,,,,,212.3321597999893,212.34516670001904,212.42864880000707,213.32874899997842,213.32874899997842,213.32874899997842,213.32874899997842,213.3454796000151,214.0794034000137,1,g,1,1.6391368000186048,None,,,,,,,,participant2,001,2025-11-18_17h38.50.780,Solo Project,,2025.1.1,59.99854805202017,2025-11-18 17h39.08.695843 +0530,
41,2,f,learn,2,86,6,1,g,0,1.3785949000157416,None,1,6,86,40,214.0953277000226,,,,,,,,,214.08187459997134,214.0953277000226,214.1789816999808,215.07869930000743,215.07869930000743,215.07869930000743,215.07869930000743,215.09513069997774,215.56237770000007,0,g,0,1.3785949000157416,None,,,,,,,,participant2,001,2025-11-18_17h38.50.780,Solo Project,,2025.1.1,59.99854805202017,2025-11-18 17h39.08.695843 +0530,
54,4,g,learn,2,87,7,1,j,0,2.3690807999810204,None,1,7,87,53,215.57812309998553,,,,,,,,,215.5649529999937,215.57812309998553,215.66167140001198,216.56177849997766,216.56177849997766,216.56177849997766,216.56177849997766,216.57851010002196,218.04550629999721,0,j,0,2.3690807999810204,None,,,,,,,,participant2,001,2025-11-18_17h38.50.780,Solo Project,,2025.1.1,59.99854805202017,2025-11-18 17h39.08.695843 +0530,
60,1,j,learn,2,88,8,1,f,0,1.6806656999979168,None,1,8,88,59,218.0614213999943,,,,,,,,,218.04809370002476,218.0614213999943,218.14467810001224,219.04464159999043,219.04464159999043,219.04464159999043,219.04464159999043,219.0614042999805,219.82857239997247,0,f,0,1.6806656999979168,None,,,,,,,,participant2,001,2025-11-18_17h38.50.780,Solo Project,,2025.1.1,59.99854805202017,2025-11-18 17h39.08.695843 +0530,
16,4,j,learn,1,89,9,1,j,1,1.4780756000545807,None,1,9,89,15,219.84427280002274,,,,,,,,,219.83124969998607,219.84427280002274,219.92791660001967,220.84428859996842,220.84428859996842,220.84428859996842,220.84428859996842,220.84428859996842,221.41167040000437,1,j,1,1.4780756000545807,None,,,,,,,,participant2,001,2025-11-18_17h38.50.780,Solo Project,,2025.1.1,59.99854805202017,2025-11-18 17h39.08.695843 +0530,
34,4,g,learn,1,90,10,1,j,0,1.8303766999742948,None,1,10,90,33,221.4274350000196,,,,,,,,,221.41415139997844,221.4274350000196,221.51101429999107,222.42740430001868,222.42740430001868,222.42740430001868,222.42740430001868,222.42740430001868,223.34492689999752,0,j,0,1.8303766999742948,None,,,,,,,,participant2,001,2025-11-18_17h38.50.780,Solo Project,,2025.1.1,59.99854805202017,2025-11-18 17h39.08.695843 +0530,
17,2,f,learn,1,91,11,1,g,0,1.5676342999795452,None,1,11,91,16,223.36059739999473,,,,,,,,,223.34765760001028,223.36059739999473,223.46052899997449,224.36039599997457,224.36039599997457,224.36039599997457,224.36039599997457,224.36039599997457,225.04461669997545,0,g,0,1.5676342999795452,None,,,,,,,,participant2,001,2025-11-18_17h38.50.780,Solo Project,,2025.1.1,59.99854805202017,2025-11-18 17h39.08.695843 +0530,
59,4,h,learn,2,92,12,1,j,0,1.492007500026375,None,1,12,92,58,225.06031199998688,,,,,,,,,225.04716770001687,225.06031199998688,225.16027519997442,226.06026910000946,226.06026910000946,226.06026910000946,226.06026910000946,226.06026910000946,226.66095320001477,0,j,0,1.492007500026375,None,,,,,,,,participant2,001,2025-11-18_17h38.50.780,Solo Project,,2025.1.1,59.99854805202017,2025-11-18 17h39.08.695843 +0530,
4,3,j,learn,1,93,13,1,h,0,2.117310300003737,None,1,13,93,3,226.67679429997224,,,,,,,,,226.66338939999696,226.67679429997224,226.7766598999733,227.67669340001885,227.67669340001885,227.67669340001885,227.67669340001885,227.67669340001885,228.9106961999787,0,h,0,2.117310300003737,None,,,,,,,,participant2,001,2025-11-18_17h38.50.780,Solo Project,,2025.1.1,59.99854805202017,2025-11-18 17h39.08.695843 +0530,
19,1,h,learn,1,94,14,1,f,0,2.173795100010466,None,1,14,94,18,228.9262373999809,,,,,,,,,228.91406779998215,228.9262373999809,229.02640729997074,229.92627950001042,229.92627950001042,229.92627950001042,229.92627950001042,229.92627950001042,231.2101012999774,0,f,0,2.173795100010466,None,,,,,,,,participant2,001,2025-11-18_17h38.50.780,Solo Project,,2025.1.1,59.99854805202017,2025-11-18 17h39.08.695843 +0530,
68,3,j,learn,2,95,15,1,h,0,1.8542447999934666,None,1,15,95,67,231.2260207000072,,,,,,,,,231.21262190002017,231.2260207000072,231.30932459997712,232.22604119998869,232.22604119998869,232.22604119998869,232.22604119998869,232.22604119998869,233.1760128000169,0,h,0,1.8542447999934666,None,,,,,,,,participant2,001,2025-11-18_17h38.50.780,Solo Project,,2025.1.1,59.99854805202017,2025-11-18 17h39.08.695843 +0530,
49,4,f,learn,2,96,16,1,j,0,1.6134902000194415,None,1,16,96,48,233.19222740002442,,,,,,,,,233.1793490999844,233.19222740002442,233.27554240002064,234.1756519000046,234.1756519000046,234.1756519000046,234.1756519000046,234.19217709999066,234.89275220001582,0,j,0,1.6134902000194415,None,,,,,,,,participant2,001,2025-11-18_17h38.50.780,Solo Project,,2025.1.1,59.99854805202017,2025-11-18 17h39.08.695843 +0530,
53,2,f,learn,2,97,17,1,g,0,1.6699376000324264,None,1,17,97,52,234.90865300002042,,,,,,,,,234.89528769999743,234.90865300002042,234.99200779997045,235.89211830002023,235.89211830002023,235.89211830002023,235.89211830002023,235.90867069998058,236.67582479998237,0,g,0,1.6699376000324264,None,,,,,,,,participant2,001,2025-11-18_17h38.50.780,Solo Project,,2025.1.1,59.99854805202017,2025-11-18 17h39.08.695843 +0530,
66,3,g,learn,2,98,18,1,h,0,1.4474257999681868,None,1,18,98,65,236.6916584999999,,,,,,,,,236.6790226000012,236.6916584999999,236.77514809998684,237.67504020000342,237.67504020000342,237.67504020000342,237.67504020000342,237.69163100002334,238.22562480001943,0,h,0,1.4474257999681868,None,,,,,,,,participant2,001,2025-11-18_17h38.50.780,Solo Project,,2025.1.1,59.99854805202017,2025-11-18 17h39.08.695843 +0530,
72,1,j,learn,2,99,19,1,f,0,1.689101300027687,None,1,19,99,71,238.24145670002326,,,,,,,,,238.2281122999848,238.24145670002326,238.32458319998113,239.2248344999971,239.2248344999971,239.2248344999971,239.2248344999971,239.24139280000236,240.02539020002587,0,f,0,1.689101300027687,None,,,,,,,,participant2,001,2025-11-18_17h38.50.780,Solo Project,,2025.1.1,59.99854805202017,2025-11-18 17h39.08.695843 +0530,
10,1,g,learn,1,100,20,1,f,0,1.5226529000210576,None,1,20,100,9,240.04116909997538,,,,,,,,,240.02786929998547,240.04116909997538,240.12468319997424,241.02442390000215,241.02442390000215,241.02442390000215,241.02442390000215,241.04116819996852,241.65850760001922,0,f,0,1.5226529000210576,None,,,,,,,,participant2,001,2025-11-18_17h38.50.780,Solo Project,,2025.1.1,59.99854805202017,2025-11-18 17h39.08.695843 +0530,
12,4,j,learn,1,101,21,1,j,1,1.4884852999821305,None,1,21,101,11,241.6742487999727,,,,,,,,,241.661565300019,241.6742487999727,241.75774179998552,242.67383759998484,242.67383759998484,242.67383759998484,242.67383759998484,242.67383759998484,243.25841469998704,1,j,1,1.4884852999821305,None,,,,,,,,participant2,001,2025-11-18_17h38.50.780,Solo Project,,2025.1.1,59.99854805202017,2025-11-18 17h39.08.695843 +0530,
20,4,j,learn,1,102,22,1,j,1,1.600620399985928,None,1,22,102,19,243.27399770001648,,,,,,,,,243.26126970001496,243.27399770001648,243.37409870000556,244.27403400000185,244.27403400000185,244.27403400000185,244.27403400000185,244.27403400000185,244.99124260002282,1,j,1,1.600620399985928,None,,,,,,,,participant2,001,2025-11-18_17h38.50.780,Solo Project,,2025.1.1,59.99854805202017,2025-11-18 17h39.08.695843 +0530,
1,4,f,learn,1,103,23,1,j,0,1.440750100009609,None,1,23,103,0,245.0072782000061,,,,,,,,,244.9937276999699,245.0072782000061,245.09039989998564,245.99017110001296,245.99017110001296,245.99017110001296,245.99017110001296,246.00698260002537,246.54087550000986,0,j,0,1.440750100009609,None,,,,,,,,participant2,001,2025-11-18_17h38.50.780,Solo Project,,2025.1.1,59.99854805202017,2025-11-18 17h39.08.695843 +0530,
44,4,j,learn,2,104,24,1,j,1,1.483314499957487,None,1,24,104,43,246.55661739996867,,,,,,,,,246.54332729999442,246.55661739996867,246.63988699996844,247.5400977000245,247.5400977000245,247.5400977000245,247.5400977000245,247.5568362000049,248.12438230001135,1,j,1,1.483314499957487,None,,,,,,,,participant2,001,2025-11-18_17h38.50.780,Solo Project,,2025.1.1,59.99854805202017,2025-11-18 17h39.08.695843 +0530,
35,1,h,learn,1,105,25,1,f,0,1.8161517000407912,None,1,25,105,34,248.13980629999423,,,,,,,,,248.12704769999254,248.13980629999423,248.23990460002096,249.13974499999313,249.13974499999313,249.13974499999313,249.13974499999313,249.13974499999313,250.0572904999717,0,f,0,1.8161517000407912,None,,,,,,,,participant2,001,2025-11-18_17h38.50.780,Solo Project,,2025.1.1,59.99854805202017,2025-11-18 17h39.08.695843 +0530,
11,2,h,learn,1,106,26,1,g,0,1.8651780000072904,None,1,26,106,10,250.07302660000278,,,,,,,,,250.05975219997345,250.07302660000278,250.17310640000505,251.07285380002577,251.07285380002577,251.07285380002577,251.07285380002577,251.07285380002577,252.0398383999709,0,g,0,1.8651780000072904,None,,,,,,,,participant2,001,2025-11-18_17h38.50.780,Solo Project,,2025.1.1,59.99854805202017,2025-11-18 17h39.08.695843 +0530,
57,3,f,learn,2,107,27,1,h,0,2.150105800013989,None,1,27,107,56,252.05603759997757,,,,,,,,,252.04239650000818,252.05603759997757,252.1390490999911,253.05602010001894,253.05602010001894,253.05602010001894,253.05602010001894,253.05602010001894,254.30632089998107,0,h,0,2.150105800013989,None,,,,,,,,participant2,001,2025-11-18_17h38.50.780,Solo Project,,2025.1.1,59.99854805202017,2025-11-18 17h39.08.695843 +0530,
63,4,h,learn,2,108,28,1,j,0,1.7018519000266679,None,1,28,108,62,254.3223457999993,,,,,,,,,254.30888279998908,254.3223457999993,254.4058917000075,255.3055990000139,255.3055990000139,255.3055990000139,255.3055990000139,255.3222676999867,256.1225706000114,0,j,0,1.7018519000266679,None,,,,,,,,participant2,001,2025-11-18_17h38.50.780,Solo Project,,2025.1.1,59.99854805202017,2025-11-18 17h39.08.695843 +0530,
36,3,j,learn,1,109,29,1,h,0,1.7198986999574117,None,1,29,109,35,256.1383595999796,,,,,,,,,256.1250551000121,256.1383595999796,256.2220775000169,257.12198290001834,257.12198290001834,257.12198290001834,257.12198290001834,257.1386168000172,257.95594090002123,0,h,0,1.7198986999574117,None,,,,,,,,participant2,001,2025-11-18_17h38.50.780,Solo Project,,2025.1.1,59.99854805202017,2025-11-18 17h39.08.695843 +0530,
79,1,h,learn,2,110,30,1,f,0,1.554805200023111,None,1,30,110,78,257.9718493000255,,,,,,,,,257.95859689998906,257.9718493000255,258.05511249997653,258.9715912999818,258.9715912999818,258.9715912999818,258.9715912999818,258.9715912999818,259.62245889997575,0,f,0,1.554805200023111,None,,,,,,,,participant2,001,2025-11-18_17h38.50.780,Solo Project,,2025.1.1,59.99854805202017,2025-11-18 17h39.08.695843 +0530,
55,2,h,learn,2,111,31,1,g,0,1.6981549999909475,None,1,31,111,54,259.6378044000012,,,,,,,,,259.625062600011,259.6378044000012,259.7381241999683,260.63751879998017,260.63751879998017,260.63751879998017,260.63751879998017,260.63751879998017,261.4382974000182,0,g,0,1.6981549999909475,None,,,,,,,,participant2,001,2025-11-18_17h38.50.780,Solo Project,,2025.1.1,59.99854805202017,2025-11-18 17h39.08.695843 +0530,
56,3,j,learn,2,112,32,1,h,0,1.5522017999901436,None,1,32,112,55,261.4545633000089,,,,,,,,,261.4408297999762,261.4545633000089,261.53776099998504,262.43776250001974,262.43776250001974,262.43776250001974,262.43776250001974,262.4544813000248,263.1052869000123,0,h,0,1.5522017999901436,None,,,,,,,,participant2,001,2025-11-18_17h38.50.780,Solo Project,,2025.1.1,59.99854805202017,2025-11-18 17h39.08.695843 +0530,
27,3,h,learn,1,113,33,1,h,1,1.499875699984841,None,1,33,113,26,263.12102479999885,,,,,,,,,263.10784870001953,263.12102479999885,263.2209536000155,264.12061240000185,264.12061240000185,264.12061240000185,264.12061240000185,264.12061240000185,264.7380056999973,1,h,1,1.499875699984841,None,,,,,,,,participant2,001,2025-11-18_17h38.50.780,Solo Project,,2025.1.1,59.99854805202017,2025-11-18 17h39.08.695843 +0530,
64,2,j,learn,2,114,34,1,g,0,1.616727799992077,None,1,34,114,63,264.7541210000054,,,,,,,,,264.74050229997374,264.7541210000054,264.83707780000987,265.7539633999695,265.7539633999695,265.7539633999695,265.7539633999695,265.7539633999695,266.4546814999776,0,g,0,1.616727799992077,None,,,,,,,,participant2,001,2025-11-18_17h38.50.780,Solo Project,,2025.1.1,59.99854805202017,2025-11-18 17h39.08.695843 +0530,
75,1,h,learn,2,115,35,1,f,0,1.6746468999772333,None,1,35,115,74,266.47047170001315,,,,,,,,,266.45719440001994,266.47047170001315,266.5704351000022,267.47035449999385,267.47035449999385,267.47035449999385,267.47035449999385,267.47035449999385,268.25378869997803,0,f,0,1.6746468999772333,None,,,,,,,,participant2,001,2025-11-18_17h38.50.780,Solo Project,,2025.1.1,59.99854805202017,2025-11-18 17h39.08.695843 +0530,
42,2,g,learn,2,116,36,1,g,1,1.6113025000086054,None,1,36,116,41,268.2700314000249,,,,,,,,,268.25607629999286,268.2700314000249,268.35346989997197,269.2533977999701,269.2533977999701,269.2533977999701,269.2533977999701,269.2698317000177,269.9703934999998,1,g,1,1.6113025000086054,None,,,,,,,,participant2,001,2025-11-18_17h38.50.780,Solo Project,,2025.1.1,59.99854805202017,2025-11-18 17h39.08.695843 +0530,
65,2,f,learn,2,117,37,1,g,0,1.5907347000320442,None,1,37,117,64,269.9863663999713,,,,,,,,,269.97292239998933,269.9863663999713,270.06963599997107,270.98625319998246,270.98625319998246,270.98625319998246,270.98625319998246,270.98625319998246,271.67036679998273,0,g,0,1.5907347000320442,None,,,,,,,,participant2,001,2025-11-18_17h38.50.780,Solo Project,,2025.1.1,59.99854805202017,2025-11-18 17h39.08.695843 +0530,
73,4,f,learn,2,118,38,1,j,0,1.4257583999424241,None,1,38,118,72,271.6861950000166,,,,,,,,,271.6728526999941,271.6861950000166,271.7695013000048,272.68614880001405,272.68614880001405,272.68614880001405,272.68614880001405,272.68614880001405,273.2029766999767,0,j,0,1.4257583999424241,None,,,,,,,,participant2,001,2025-11-18_17h38.50.780,Solo Project,,2025.1.1,59.99854805202017,2025-11-18 17h39.08.695843 +0530,
26,4,g,learn,1,119,39,1,j,0,1.4129292000434361,None,1,39,119,25,273.2191074999864,,,,,,,,,273.20411170000443,273.2191074999864,273.3026932000066,274.2026151000173,274.2026151000173,274.2026151000173,274.2026151000173,274.2192692999961,274.7199483999866,0,j,0,1.4129292000434361,None,,,,,,,,participant2,001,2025-11-18_17h38.50.780,Solo Project,,2025.1.1,59.99854805202017,2025-11-18 17h39.08.695843 +0530,
46,1,g,learn,2,120,40,1,f,0,1.3694915000232868,None,1,40,120,45,274.73561239999253,,,,,,,,,274.72284840000793,274.73561239999253,274.81890150002437,275.735626699985,275.735626699985,275.735626699985,275.735626699985,275.735626699985,276.20299840002554,0,f,0,1.3694915000232868,None,,,,,,,,participant2,001,2025-11-18_17h38.50.780,Solo Project,,2025.1.1,59.99854805202017,2025-11-18 17h39.08.695843 +0530,
24,3,j,learn,1,121,41,1,j,1,1.436523300013505,None,1,41,121,23,276.21881609997945,,,,,,,,,276.2058931000065,276.21881609997945,276.31873619998805,277.2189333999995,277.2189333999995,277.2189333999995,277.2189333999995,277.2189333999995,277.76904260000447,1,j,1,1.436523300013505,None,,,,,,,,participant2,001,2025-11-18_17h38.50.780,Solo Project,,2025.1.1,59.99854805202017,2025-11-18 17h39.08.695843 +0530,
62,1,g,learn,2,122,42,1,f,0,1.8916823000181466,None,1,42,122,61,277.784940499987,,,,,,,,,277.7715528999688,277.784940499987,277.8686509000254,278.7686078000115,278.7686078000115,278.7686078000115,278.7686078000115,278.7851680999738,279.769311400014,0,f,0,1.8916823000181466,None,,,,,,,,participant2,001,2025-11-18_17h38.50.780,Solo Project,,2025.1.1,59.99854805202017,2025-11-18 17h39.08.695843 +0530,
14,4,g,learn,1,123,43,1,j,0,1.4779030000208877,None,1,43,123,13,279.7847922000219,,,,,,,,,279.77179209998576,279.7847922000219,279.88497329998063,280.78496879996965,280.78496879996965,280.78496879996965,280.78496879996965,280.78496879996965,281.3692166999681,0,j,0,1.4779030000208877,None,,,,,,,,participant2,001,2025-11-18_17h38.50.780,Solo Project,,2025.1.1,59.99854805202017,2025-11-18 17h39.08.695843 +0530,
45,1,f,learn,2,124,44,1,f,1,1.5265864999964833,None,1,44,124,44,281.3843359000166,,,,,,,,,281.37182250001933,281.3843359000166,281.48466199997347,282.3845646000118,282.3845646000118,282.3845646000118,282.3845646000118,282.3845646000118,283.018599300005,1,f,1,1.5265864999964833,None,,,,,,,,participant2,001,2025-11-18_17h38.50.780,Solo Project,,2025.1.1,59.99854805202017,2025-11-18 17h39.08.695843 +0530,
6,4,g,learn,1,125,45,1,j,0,1.4252803000272252,None,1,45,125,5,283.0345245000208,,,,,,,,,283.0212110999855,283.0345245000208,283.13433879998047,284.01773820002563,284.01773820002563,284.01773820002563,284.01773820002563,284.03430800000206,284.5686596999876,0,j,0,1.4252803000272252,None,,,,,,,,participant2,001,2025-11-18_17h38.50.780,Solo Project,,2025.1.1,59.99854805202017,2025-11-18 17h39.08.695843 +0530,
21,2,f,learn,1,126,46,1,g,0,1.698860100004822,None,1,46,126,20,284.58399459999055,,,,,,,,,284.57114880002337,284.58399459999055,284.6841349999886,285.5837967999978,285.5837967999978,285.5837967999978,285.5837967999978,285.5837967999978,286.3843792999978,0,g,0,1.698860100004822,None,,,,,,,,participant2,001,2025-11-18_17h38.50.780,Solo Project,,2025.1.1,59.99854805202017,2025-11-18 17h39.08.695843 +0530,
3,1,h,learn,1,127,47,1,f,0,1.5391270000254735,None,1,47,127,2,286.400232999993,,,,,,,,,286.38672399998177,286.400232999993,286.4834229000262,287.40020450000884,287.40020450000884,287.40020450000884,287.40020450000884,287.40020450000884,288.03441800002474,0,f,0,1.5391270000254735,None,,,,,,,,participant2,001,2025-11-18_17h38.50.780,Solo Project,,2025.1.1,59.99854805202017,2025-11-18 17h39.08.695843 +0530,
61,3,f,learn,2,128,48,1,j,0,1.4449180000228807,None,1,48,128,60,288.05037080001784,,,,,,,,,288.03744559996994,288.05037080001784,288.15033799997764,289.03351290000137,289.03351290000137,289.03351290000137,289.03351290000137,289.0501351999701,289.6010512000066,0,j,0,1.4449180000228807,None,,,,,,,,participant2,001,2025-11-18_17h38.50.780,Solo Project,,2025.1.1,59.99854805202017,2025-11-18 17h39.08.695843 +0530,
23,2,h,learn,1,129,49,1,g,0,1.4876607999904081,None,1,49,129,22,289.61664790002396,,,,,,,,,289.603574400011,289.61664790002396,289.7166627999977,290.6166323000216,290.6166323000216,290.6166323000216,290.6166323000216,290.6166323000216,291.2169025000185,0,g,0,1.4876607999904081,None,,,,,,,,participant2,001,2025-11-18_17h38.50.780,Solo Project,,2025.1.1,59.99854805202017,2025-11-18 17h39.08.695843 +0530,
9,1,f,learn,1,130,50,1,f,1,1.4452968999976292,None,1,50,130,8,291.23312340001576,,,,,,,,,291.2193729999708,291.23312340001576,291.3163066999987,292.21622810000554,292.21622810000554,292.21622810000554,292.21622810000554,292.2330330000259,292.76715730002616,1,f,1,1.4452968999976292,None,,,,,,,,participant2,001,2025-11-18_17h38.50.780,Solo Project,,2025.1.1,59.99854805202017,2025-11-18 17h39.08.695843 +0530,
50,2,g,learn,2,131,51,1,g,1,1.7166341000120156,None,1,51,131,49,292.782761999988,,,,,,,,,292.76964650000446,292.782761999988,292.86628519999795,293.78265710000414,293.78265710000414,293.78265710000414,293.78265710000414,293.78265710000414,294.6001767999842,1,g,1,1.7166341000120156,None,,,,,,,,participant2,001,2025-11-18_17h38.50.780,Solo Project,,2025.1.1,59.99854805202017,2025-11-18 17h39.08.695843 +0530,
28,2,j,learn,1,132,52,1,g,0,1.6672863999847323,None,1,52,132,27,294.61609269998735,,,,,,,,,294.60266889998456,294.61609269998735,294.7160967999953,295.6159484999953,295.6159484999953,295.6159484999953,295.6159484999953,295.6159484999953,296.4004444999737,0,g,0,1.6672863999847323,None,,,,,,,,participant2,001,2025-11-18_17h38.50.780,Solo Project,,2025.1.1,59.99854805202017,2025-11-18 17h39.08.695843 +0530,
80,1,j,learn,2,133,53,1,f,0,2.645242500002496,None,1,53,133,79,296.41582449997077,,,,,,,,,296.40296139998827,296.41582449997077,296.51544320001267,297.41552290000254,297.41552290000254,297.41552290000254,297.41552290000254,297.41552290000254,299.1656735999859,0,f,0,2.645242500002496,None,,,,,,,,participant2,001,2025-11-18_17h38.50.780,Solo Project,,2025.1.1,59.99854805202017,2025-11-18 17h39.08.695843 +0530,
52,2,j,learn,2,134,54,1,g,0,1.9451688000117429,None,1,54,134,51,299.18180319998646,,,,,,,,,299.1681634999695,299.18180319998646,299.2652423999971,300.16507809999166,300.16507809999166,300.16507809999166,300.16507809999166,300.1817649999866,301.2153035000083,0,g,0,1.9451688000117429,None,,,,,,,,participant2,001,2025-11-18_17h38.50.780,Solo Project,,2025.1.1,59.99854805202017,2025-11-18 17h39.08.695843 +0530,
48,1,j,learn,2,135,55,1,f,0,2.3681588000035845,None,1,55,135,47,301.2314925999963,,,,,,,,,301.2178338000085,301.2314925999963,301.31496410002,302.21485859999666,302.21485859999666,302.21485859999666,302.21485859999666,302.2313417000114,303.698819799989,0,f,0,2.3681588000035845,None,,,,,,,,participant2,001,2025-11-18_17h38.50.780,Solo Project,,2025.1.1,59.99854805202017,2025-11-18 17h39.08.695843 +0530,
30,2,g,learn,1,136,56,1,g,1,1.5574344000197016,None,1,56,136,29,303.71444439998595,,,,,,,,,303.7014201999991,303.71444439998595,303.8143377000233,304.71445159998257,304.71445159998257,304.71445159998257,304.71445159998257,304.71445159998257,305.3818971000146,1,g,1,1.5574344000197016,None,,,,,,,,participant2,001,2025-11-18_17h38.50.780,Solo Project,,2025.1.1,59.99854805202017,2025-11-18 17h39.08.695843 +0530,
37,4,f,learn,1,137,57,1,j,0,1.4164633000036702,None,1,57,137,36,305.3972741999896,,,,,,,,,305.3843391999835,305.3972741999896,305.4976594999898,306.39752790000057,306.39752790000057,306.39752790000057,306.39752790000057,306.39752790000057,306.93122939998284,0,j,0,1.4164633000036702,None,,,,,,,,participant2,001,2025-11-18_17h38.50.780,Solo Project,,2025.1.1,59.99854805202017,2025-11-18 17h39.08.695843 +0530,
43,2,h,learn,2,138,58,1,g,0,1.50199950003298,None,1,58,138,42,306.9473394000088,,,,,,,,,306.93371189996833,306.9473394000088,307.03029149997747,307.93019470002037,307.93019470002037,307.93019470002037,307.93019470002037,307.94692010001745,308.54803649999667,0,g,0,1.50199950003298,None,,,,,,,,participant2,001,2025-11-18_17h38.50.780,Solo Project,,2025.1.1,59.99854805202017,2025-11-18 17h39.08.695843 +0530,
5,3,f,learn,1,139,59,1,j,0,1.8354899999685585,None,1,59,139,4,308.56367040000623,,,,,,,,,308.5505456000101,308.56367040000623,308.6637794999988,309.5635571000166,309.5635571000166,309.5635571000166,309.5635571000166,309.5635571000166,310.5141561999917,0,j,0,1.8354899999685585,None,,,,,,,,participant2,001,2025-11-18_17h38.50.780,Solo Project,,2025.1.1,59.99854805202017,2025-11-18 17h39.08.695843 +0530,
38,2,g,learn,1,140,60,1,g,1,1.7865195000194944,None,1,60,140,37,310.53035680000903,,,,,,,,,310.51662980002584,310.53035680000903,310.61349199997494,311.51319470000453,311.51319470000453,311.51319470000453,311.51319470000453,311.5297313000192,312.4139968000236,1,g,1,1.7865195000194944,None,,,,,,,,participant2,001,2025-11-18_17h38.50.780,Solo Project,,2025.1.1,59.99854805202017,2025-11-18 17h39.08.695843 +0530,
39,3,h,learn,1,141,61,1,h,1,1.7154036000138149,None,1,61,141,38,312.42979159997776,,,,,,,,,312.41653109999606,312.42979159997776,312.5132095000008,313.4295184999937,313.4295184999937,313.4295184999937,313.4295184999937,313.4295184999937,314.2296132000047,1,h,1,1.7154036000138149,None,,,,,,,,participant2,001,2025-11-18_17h38.50.780,Solo Project,,2025.1.1,59.99854805202017,2025-11-18 17h39.08.695843 +0530,
58,1,g,learn,2,142,62,1,f,0,1.5924417999922298,None,1,62,142,57,314.24590759997955,,,,,,,,,314.2309357000049,314.24590759997955,314.32905709999613,315.2289818999707,315.2289818999707,315.2289818999707,315.2289818999707,315.2456955999951,315.92929070000537,0,f,0,1.5924417999922298,None,,,,,,,,participant2,001,2025-11-18_17h38.50.780,Solo Project,,2025.1.1,59.99854805202017,2025-11-18 17h39.08.695843 +0530,
70,4,g,learn,2,143,63,1,j,0,1.5684828999801539,None,1,63,143,69,315.9455267000012,,,,,,,,,315.9314358999836,315.9455267000012,316.0287137000123,316.928926899971,316.928926899971,316.928926899971,316.928926899971,316.9455173999886,317.6126670999802,0,j,0,1.5684828999801539,None,,,,,,,,participant2,001,2025-11-18_17h38.50.780,Solo Project,,2025.1.1,59.99854805202017,2025-11-18 17h39.08.695843 +0530,
47,1,h,learn,2,144,64,1,f,0,1.47404890001053,None,1,64,144,46,317.62858169997344,,,,,,,,,317.6143772000214,317.62858169997344,317.7119580999715,318.6119270999916,318.6119270999916,318.6119270999916,318.6119270999916,318.6283026000019,319.1956421000068,0,f,0,1.47404890001053,None,,,,,,,,participant2,001,2025-11-18_17h38.50.780,Solo Project,,2025.1.1,59.99854805202017,2025-11-18 17h39.08.695843 +0530,
67,3,h,learn,2,145,65,1,h,1,3.0498987999744713,None,1,65,145,66,319.21176299999934,,,,,,,,,319.19778240000596,319.21176299999934,319.2951771999942,320.194812599977,320.194812599977,320.194812599977,320.194812599977,320.2115121000097,322.34603570000036,1,h,1,3.0498987999744713,None,,,,,,,,participant2,001,2025-11-18_17h38.50.780,Solo Project,,2025.1.1,59.99854805202017,2025-11-18 17h39.08.695843 +0530,
25,1,f,learn,1,146,66,1,h,0,0.138392599998042,None,1,66,146,24,322.3615348999738,,,,,,,,,322.34854949999135,322.3615348999738,322.4616388999857,,,,,,322.61231270001736,0,h,0,0.138392599998042,None,,,,,,,,participant2,001,2025-11-18_17h38.50.780,Solo Project,,2025.1.1,59.99854805202017,2025-11-18 17h39.08.695843 +0530,
8,2,j,learn,1,147,67,1,g,0,1.6825383999967016,None,1,67,147,7,322.6281521000201,,,,,,,,,322.6148434000206,322.6281521000201,322.7115810000105,323.6114675999852,323.6114675999852,323.6114675999852,323.6114675999852,323.6277507999912,324.3951650999952,0,g,0,1.6825383999967016,None,,,,,,,,participant2,001,2025-11-18_17h38.50.780,Solo Project,,2025.1.1,59.99854805202017,2025-11-18 17h39.08.695843 +0530,
13,1,f,learn,1,148,68,1,f,1,2.7828741999692284,None,1,68,148,12,324.41118090000236,,,,,,,,,324.3980706000002,324.41118090000236,324.49442950001685,325.39452460000757,325.39452460000757,325.39452460000757,325.39452460000757,325.41121869999915,327.27818780002417,1,f,1,2.7828741999692284,None,,,,,,,,participant2,001,2025-11-18_17h38.50.780,Solo Project,,2025.1.1,59.99854805202017,2025-11-18 17h39.08.695843 +0530,
7,4,h,learn,1,149,69,1,j,0,1.5260169999673963,None,1,69,149,6,327.2941460000002,,,,,,,,,327.28074640000705,327.2941460000002,327.3773709000088,328.2773142000078,328.2773142000078,328.2773142000078,328.2773142000078,328.2940908999881,328.9114419000107,0,j,0,1.5260169999673963,None,,,,,,,,participant2,001,2025-11-18_17h38.50.780,Solo Project,,2025.1.1,59.99854805202017,2025-11-18 17h39.08.695843 +0530,
76,3,j,learn,2,150,70,1,j,1,1.867202699999325,None,1,70,150,75,328.92695469997125,,,,,,,,,328.91434459999437,328.92695469997125,329.0106985999737,329.9271938999882,329.9271938999882,329.9271938999882,329.9271938999882,329.9271938999882,330.8943494000123,1,j,1,1.867202699999325,None,,,,,,,,participant2,001,2025-11-18_17h38.50.780,Solo Project,,2025.1.1,59.99854805202017,2025-11-18 17h39.08.695843 +0530,
29,2,f,learn,1,151,71,1,g,0,1.8990991999744438,None,1,71,151,28,330.9102968000225,,,,,,,,,330.896856700012,330.9102968000225,330.9936095000012,331.91016799997305,331.91016799997305,331.91016799997305,331.91016799997305,331.91016799997305,332.8936999000143,0,g,0,1.8990991999744438,None,,,,,,,,participant2,001,2025-11-18_17h38.50.780,Solo Project,,2025.1.1,59.99854805202017,2025-11-18 17h39.08.695843 +0530,
71,1,h,learn,2,152,72,1,f,0,1.7910352000035346,None,1,72,152,70,332.9098338999902,,,,,,,,,332.8962058000034,332.9098338999902,332.9933002999751,333.8930846999865,333.8930846999865,333.8930846999865,333.8930846999865,333.9096817999962,334.793852999981,0,f,0,1.7910352000035346,None,,,,,,,,participant2,001,2025-11-18_17h38.50.780,Solo Project,,2025.1.1,59.99854805202017,2025-11-18 17h39.08.695843 +0530,
69,3,f,learn,2,153,73,1,h,0,1.6614839000394568,None,1,73,153,68,334.8094948999933,,,,,,,,,334.7963635000051,334.8094948999933,334.90960060001817,335.809317599982,335.809317599982,335.809317599982,335.809317599982,335.809317599982,336.5767599000246,0,h,0,1.6614839000394568,None,,,,,,,,participant2,001,2025-11-18_17h38.50.780,Solo Project,,2025.1.1,59.99854805202017,2025-11-18 17h39.08.695843 +0530,
78,1,g,learn,2,154,74,1,f,0,1.6776253000134602,None,1,74,154,77,336.5926341000013,,,,,,,,,336.58025910001015,336.5926341000013,336.67593510000734,337.5760769000044,337.5760769000044,337.5760769000044,337.5760769000044,337.59229369997047,338.3600367999752,0,f,0,1.6776253000134602,None,,,,,,,,participant2,001,2025-11-18_17h38.50.780,Solo Project,,2025.1.1,59.99854805202017,2025-11-18 17h39.08.695843 +0530,
40,1,j,learn,1,155,75,1,f,0,1.505384000018239,None,1,75,155,39,338.3753694000188,,,,,,,,,338.36253550002584,338.3753694000188,338.4755331000197,339.37554420001106,339.37554420001106,339.37554420001106,339.37554420001106,339.37554420001106,339.9928330000257,0,f,0,1.505384000018239,None,,,,,,,,participant2,001,2025-11-18_17h38.50.780,Solo Project,,2025.1.1,59.99854805202017,2025-11-18 17h39.08.695843 +0530,
31,4,h,learn,1,156,76,1,j,0,3.123930800007656,None,1,76,156,30,340.0087746999925,,,,,,,,,339.9948399999994,340.0087746999925,340.0921140999999,340.9916480000247,340.9916480000247,340.9916480000247,340.9916480000247,341.0082273000153,343.225681299984,0,j,0,3.123930800007656,None,,,,,,,,participant2,001,2025-11-18_17h38.50.780,Solo Project,,2025.1.1,59.99854805202017,2025-11-18 17h39.08.695843 +0530,
18,1,g,learn,1,157,77,1,f,0,1.488374600012321,None,1,77,157,17,343.24166759999935,,,,,,,,,343.2281847000122,343.24166759999935,343.3247460999992,344.2415592999896,344.2415592999896,344.2415592999896,344.2415592999896,344.2415592999896,344.82567990000825,0,f,0,1.488374600012321,None,,,,,,,,participant2,001,2025-11-18_17h38.50.780,Solo Project,,2025.1.1,59.99854805202017,2025-11-18 17h39.08.695843 +0530,
51,1,h,learn,2,158,78,1,f,0,1.5489844999974594,None,1,78,158,50,344.84141799999634,,,,,,,,,344.82816630002344,344.84141799999634,344.9412357999827,345.84131220000563,345.84131220000563,345.84131220000563,345.84131220000563,345.84131220000563,346.4916074000066,0,f,0,1.5489844999974594,None,,,,,,,,participant2,001,2025-11-18_17h38.50.780,Solo Project,,2025.1.1,59.99854805202017,2025-11-18 17h39.08.695843 +0530,
33,3,f,learn,1,159,79,1,h,0,1.8947834999999031,None,1,79,159,32,346.5077372000087,,,,,,,,,346.49413479998475,346.5077372000087,346.5910030999803,347.49097629997414,347.49097629997414,347.49097629997414,347.49097629997414,347.5077105999808,348.491160399979,0,h,0,1.8947834999999031,None,,,,,,,,participant2,001,2025-11-18_17h38.50.780,Solo Project,,2025.1.1,59.99854805202017,2025-11-18 17h39.08.695843 +0530,
,,,,,,,,,,,,,,,,,,,,,,,,,,,,,,,,,,,,,,,348.49134649999905,348.5073037999682,348.5073037999682,350.35721009998815,space,1.8425930000375956,None,participant2,001,2025-11-18_17h38.50.780,Solo Project,,2025.1.1,59.99854805202017,2025-11-18 17h39.08.695843 +0530,
